,City,Country,Lat,Lng,Max Temp,Humidity,Cloudiness,Wind Speed,Current Description
0,Cidreira,BR,-30.1811,-50.2056,64.69,72,100,6.64,overcast clouds
1,Saint George,US,37.1041,-113.5841,74.62,14,0,27.63,clear sky
2,Kisangani,CD,0.5167,25.2,69.53,99,100,2.04,overcast clouds
3,Jamestown,US,42.097,-79.2353,55.02,93,100,13.8,overcast clouds
4,Khatanga,RU,71.9667,102.5,18.16,86,97,11.65,overcast clouds
5,Port Hardy,CA,50.6996,-127.4199,53.78,62,100,2.3,overcast clouds
6,Victoria,HK,22.2855,114.1577,63.25,92,100,5.99,light rain
7,Mataura,NZ,-46.1927,168.8643,63.48,55,26,5.37,scattered clouds
8,Rikitea,PF,-23.1203,-134.9692,76.59,70,100,6.2,overcast clouds
9,Nemuro,JP,43.3236,145.575,41.05,96,100,28.83,light rain
10,Cape Town,ZA,-33.9258,18.4232,60.12,83,0,5.01,clear sky
11,Kapaa,US,22.0752,-159.319,85.98,79,75,18.41,broken clouds
12,Hithadhoo,MV,-0.6,73.0833,85.53,72,100,17.67,overcast clouds
13,Hermanus,ZA,-34.4187,19.2345,58.8,85,27,9.37,scattered clouds
14,Busselton,AU,-33.65,115.3333,65.37,73,64,2.75,broken clouds
15,Esperance,AU,-33.8667,121.9,58.84,58,14,8.63,few clouds
16,Saraland,US,30.8207,-88.0706,81.32,64,16,5.99,few clouds
17,Ponta Do Sol,PT,32.6667,-17.1,65.03,74,0,4.12,clear sky
18,Clyde River,CA,70.4692,-68.5914,8.83,85,100,12.66,light snow
19,Barrow,US,71.2906,-156.7887,19.42,86,100,14.97,overcast clouds
20,Tiksi,RU,71.6872,128.8694,17.17,82,60,11.01,broken clouds
21,Longyearbyen,SJ,78.2186,15.6401,12.04,67,75,3.44,broken clouds
22,Talant,FR,47.3369,5.0089,43.41,81,0,6.91,clear sky
23,Goba,ET,7.0167,39.9833,50.11,86,81,3.65,broken clouds
24,Cozumel,MX,20.5083,-86.9458,82.47,88,40,10.36,scattered clouds
25,De-Kastri,RU,51.4667,140.7833,38.97,70,43,4.72,scattered clouds
26,Mar Del Plata,AR,-38.0023,-57.5575,52.88,72,75,18.99,broken clouds
27,Hobart,AU,-42.8794,147.3294,65.26,62,75,12.66,broken clouds
28,Piacabucu,BR,-10.4056,-36.4344,77.58,73,40,7.61,scattered clouds
29,Qaanaaq,GL,77.484,-69.3632,6.3,68,19,6.46,few clouds
30,Atuona,PF,-9.8,-139.0333,78.37,81,100,13.0,overcast clouds
31,Ilulissat,GL,69.2167,-51.1,21.22,63,9,0.0,clear sky
32,Yellowknife,CA,62.456,-114.3525,45.12,49,0,12.66,clear sky
33,Hirara,JP,24.8,125.2833,67.86,88,75,19.57,broken clouds
34,Dikson,RU,73.5069,80.5464,10.45,94,100,11.34,overcast clouds
35,Bluff,NZ,-46.6,168.3333,63.81,74,34,11.77,scattered clouds
36,Grindavik,IS,63.8424,-22.4338,39.15,81,0,4.61,clear sky
37,Mount Gambier,AU,-37.8333,140.7667,60.71,88,100,12.66,overcast clouds
38,Chuy,UY,-33.6971,-53.4616,50.56,83,0,6.96,clear sky
39,Castro,BR,-24.7911,-50.0119,62.89,88,100,2.15,overcast clouds
40,Corralillo,CU,22.9819,-80.5856,76.26,80,0,13.42,clear sky
41,Punta Arenas,CL,-53.15,-70.9167,41.11,75,0,6.91,clear sky
42,Cherskiy,RU,68.75,161.3,29.48,86,48,10.71,scattered clouds
43,Puerto Ayora,EC,-0.7393,-90.3518,72.41,89,59,4.76,broken clouds
44,Carnarvon,AU,-24.8667,113.6333,69.87,52,0,10.36,clear sky
45,Fairbanks,US,64.8378,-147.7164,56.08,34,0,5.75,clear sky
46,Talnakh,RU,69.4865,88.3972,20.21,94,100,7.65,light snow
47,Carmen,MX,18.6333,-91.8333,84.24,79,40,11.5,scattered clouds
48,Bredasdorp,ZA,-34.5322,20.0403,54.63,94,52,3.62,broken clouds
49,Beringovskiy,RU,63.05,179.3167,20.19,74,32,14.63,scattered clouds
50,Mayor Pablo Lagerenza,PY,-19.9309,-60.7718,74.08,67,56,6.42,broken clouds
51,Ushuaia,AR,-54.8,-68.3,38.86,81,20,6.91,few clouds
52,Cabo San Lucas,MX,22.8909,-109.9124,87.1,25,0,13.8,clear sky
53,Portland,US,45.5234,-122.6762,67.78,52,100,3.44,overcast clouds
54,Puerto Narino,CO,-3.7703,-70.3831,73.6,99,100,2.24,light rain
55,Lasem,ID,-6.6922,111.4527,81.54,79,100,6.4,overcast clouds
56,Santa Maria,BR,-29.6842,-53.8069,61.9,100,100,0.0,overcast clouds
57,Ribeira Grande,PT,38.5167,-28.7,62.24,83,11,3.06,few clouds
58,Tasiilaq,GL,65.6145,-37.6368,19.18,56,75,4.81,broken clouds
59,Yar-Sale,RU,66.8333,70.8333,9.63,87,13,6.15,few clouds
60,Arkansas City,US,37.062,-97.0384,74.88,35,0,9.22,clear sky
61,Katsuura,JP,35.1333,140.3,58.6,59,100,9.98,moderate rain
62,Bengkulu,ID,-3.8004,102.2655,78.94,81,99,3.85,overcast clouds
63,Samarai,PG,-10.6167,150.6667,82.94,74,62,8.63,broken clouds
64,Baykit,RU,61.67,96.37,32.5,66,100,6.82,overcast clouds
65,Sorong,ID,-0.8833,131.25,83.95,74,19,7.67,few clouds
66,Port Alfred,ZA,-33.5906,26.891,56.17,93,5,7.38,clear sky
67,Hambantota,LK,6.1241,81.1185,77.34,100,20,3.44,few clouds
68,Jamsa,FI,61.8642,25.19,37.15,89,92,7.02,overcast clouds
69,Kodiak,US,57.79,-152.4072,45.91,71,100,16.11,overcast clouds
70,Mogadishu,SO,2.0371,45.3438,81.7,80,91,13.47,moderate rain
71,Fort Morgan,US,40.2503,-103.8,65.62,27,20,21.85,few clouds
72,Harper,LR,4.375,-7.7169,80.67,81,34,7.43,scattered clouds
73,Izhma,RU,65.0083,53.9113,22.01,93,76,3.44,broken clouds
74,Lompoc,US,34.6391,-120.4579,70.57,67,0,30.0,clear sky
75,Bethel,US,41.3712,-73.414,59.36,52,100,4.0,overcast clouds
76,Port Elizabeth,ZA,-33.918,25.5701,55.31,90,0,5.75,clear sky
77,Sembe,CG,1.6481,14.5806,71.55,91,100,0.72,light rain
78,Bambous Virieux,MU,-20.3428,57.7575,72.21,94,20,1.14,few clouds
79,Dicabisagan,PH,17.0818,122.4157,83.95,70,100,4.94,overcast clouds
80,Lumphat,KH,13.4878,106.9816,77.99,91,100,2.59,overcast clouds
81,Rawson,AR,-43.3002,-65.1023,51.51,60,100,10.42,overcast clouds
82,Hami,CN,42.8,93.45,66.78,10,18,6.62,few clouds
83,Vestmannaeyjar,IS,63.4427,-20.2734,45.07,65,96,7.38,overcast clouds
84,Ancud,CL,-41.8697,-73.8203,50.0,92,32,3.62,scattered clouds
85,Arraial Do Cabo,BR,-22.9661,-42.0278,75.54,82,2,12.88,clear sky
86,Adrar,MR,20.5022,-10.0711,77.22,16,0,11.5,clear sky
87,Laguna,US,38.421,-121.4238,84.49,18,0,13.8,clear sky
88,La Cruz,MX,23.9167,-106.9,76.82,58,62,4.74,broken clouds
89,Turmalina,BR,-17.2856,-42.73,67.86,71,99,2.24,overcast clouds
90,Santa Marta,CO,11.2408,-74.199,84.25,72,75,10.36,broken clouds
91,Thompson,CA,55.7435,-97.8558,26.76,86,100,12.66,overcast clouds
92,Anadyr,RU,64.75,177.4833,23.5,74,0,11.18,clear sky
93,Salalah,OM,17.0151,54.0924,84.29,84,40,4.61,scattered clouds
94,Houma,US,29.5958,-90.7195,77.0,89,40,4.61,scattered clouds
95,Lima,PE,-12.0432,-77.0282,67.89,72,0,12.66,clear sky
96,Butaritari,KI,3.0707,172.7902,81.37,78,33,12.71,light rain
97,Zyryanskoye,RU,56.8306,86.6258,41.0,80,100,8.59,overcast clouds
98,Parabel,RU,58.6978,81.4825,32.49,100,100,7.52,snow
99,Sinnamary,GF,5.3833,-52.95,77.79,84,95,11.14,overcast clouds
100,Yerbogachen,RU,61.2767,108.0108,29.43,54,5,2.71,clear sky
101,San Andres,CO,12.5847,-81.7006,77.02,94,100,2.3,overcast clouds
102,Pemangkat,ID,1.1667,108.9667,82.22,80,100,5.77,overcast clouds
103,Vaini,TO,-21.2,-175.2,82.56,83,75,14.97,broken clouds
104,Albany,US,42.6001,-73.9662,58.17,48,100,2.04,overcast clouds
105,Mareeba,AU,-17.0,145.4333,78.48,75,16,6.55,few clouds
106,Khasan,RU,42.4308,130.6434,48.02,54,22,12.33,few clouds
107,Kenora,CA,49.8167,-94.4337,38.37,93,100,9.22,light intensity drizzle
108,Evensk,RU,61.95,159.2333,31.14,77,18,2.28,few clouds
109,Coffs Harbour,AU,-30.3,153.1333,71.56,68,75,10.36,broken clouds
110,Afsin,TR,38.2477,36.914,48.63,74,18,5.41,few clouds
111,Port Lincoln,AU,-34.7333,135.8667,64.51,68,0,10.8,clear sky
112,Grand Gaube,MU,-20.0064,57.6608,72.37,81,3,7.72,clear sky
113,Rio Tuba,PH,8.5061,117.4317,83.07,77,100,6.2,overcast clouds
114,Faanui,PF,-16.4833,-151.75,81.41,72,54,8.28,light rain
115,Novoorsk,RU,51.381,58.9813,38.05,68,8,13.58,clear sky
116,Mitsamiouli,KM,-11.3847,43.2844,80.56,72,7,14.45,clear sky
117,Greensboro,US,36.0726,-79.792,70.77,59,100,10.36,thunderstorm
118,Peterhead,GB,57.5058,-1.7981,52.45,94,100,9.6,overcast clouds
119,Avarua,CK,-21.2078,-159.775,84.25,74,75,5.75,broken clouds
120,Sola,VU,-13.8833,167.55,81.27,83,100,0.0,light intensity shower rain
121,Barcelos,PT,41.5388,-8.6151,55.92,95,54,2.44,broken clouds
122,Upernavik,GL,72.7868,-56.1549,-1.7,89,6,3.65,clear sky
123,Tuatapere,NZ,-46.1333,167.6833,61.14,67,7,7.4,clear sky
124,Tuktoyaktuk,CA,69.4541,-133.0374,37.4,75,75,11.5,broken clouds
125,Lardos,GR,36.0942,28.0157,64.22,79,97,7.9,overcast clouds
126,Lata,PT,40.1629,-8.3327,57.07,81,97,6.51,overcast clouds
127,Lebu,CL,-37.6167,-73.65,52.45,90,0,15.1,clear sky
128,San Patricio,US,28.017,-97.5169,83.53,81,97,15.5,overcast clouds
129,Provideniya,RU,64.3833,-173.3,29.44,56,8,12.19,clear sky
130,Gander,CA,48.9682,-54.5906,32.16,100,100,9.22,mist
131,Ahwa,IN,20.75,73.6833,75.33,82,0,3.31,clear sky
132,Deer Lake,CA,49.1667,-57.4316,35.46,93,100,0.0,overcast clouds
133,East London,ZA,-33.0153,27.9116,60.64,77,0,6.58,clear sky
134,Mandalgovi,MN,45.7625,106.2708,59.76,19,41,3.87,scattered clouds
135,Comodoro Rivadavia,AR,-45.8667,-67.5,48.06,87,20,3.44,few clouds
136,Bagdarin,RU,54.4333,113.6,52.66,47,100,11.05,overcast clouds
137,Raudeberg,NO,61.9875,5.1352,45.27,83,100,24.63,overcast clouds
138,Troitsko-Pechorsk,RU,62.7084,56.1964,24.48,88,99,4.68,overcast clouds
139,Ahipara,NZ,-35.1667,173.1667,68.58,60,100,6.49,overcast clouds
140,Porto Novo,BJ,6.4965,2.6036,82.22,85,100,3.6,light rain
141,Ponta Delgada,PT,37.7333,-25.6667,66.51,82,75,3.44,broken clouds
142,Buala,SB,-8.145,159.5921,84.76,70,98,4.38,light rain
143,New Norfolk,AU,-42.7826,147.0587,65.7,46,100,8.21,overcast clouds
144,Acarau,BR,-2.8856,-40.12,78.22,88,24,11.52,few clouds
145,Pahrump,US,36.2083,-115.9839,76.95,11,0,14.0,clear sky
146,Luderitz,NA,-26.6481,15.1594,73.06,24,0,12.08,clear sky
147,Nikolskoye,RU,59.7035,30.7861,40.71,93,47,5.14,scattered clouds
148,Kaoma,ZM,-14.7833,24.8,54.23,78,0,5.28,clear sky
149,Springbok,ZA,-29.6643,17.8865,58.59,23,0,8.79,clear sky
150,Te Anau,NZ,-45.4167,167.7167,59.95,62,10,5.46,clear sky
151,Namatanai,PG,-3.6667,152.4333,85.32,67,13,7.45,few clouds
152,Ures,MX,29.4333,-110.4,86.7,15,0,18.72,clear sky
153,The Valley,AI,18.217,-63.0578,80.46,81,100,17.72,overcast clouds
154,La Reforma,MX,25.0833,-108.05,77.32,54,16,7.25,few clouds
155,Necochea,AR,-38.5473,-58.7368,51.69,61,100,8.43,overcast clouds
156,Cayenne,GF,4.9333,-52.3333,81.09,3,40,7.0,scattered clouds
157,Saurimo,AO,-9.6608,20.3916,62.76,70,81,4.09,broken clouds
158,La Ronge,CA,55.1001,-105.2842,37.65,52,40,8.05,scattered clouds
159,Petrovsk-Zabaykalskiy,RU,51.273,108.843,64.51,30,63,4.99,broken clouds
160,Dobson,US,36.3957,-80.7226,69.48,96,75,0.0,broken clouds
161,Shakawe,BW,-18.3667,21.85,68.16,40,72,6.35,broken clouds
162,Norman Wells,CA,65.282,-126.8329,53.64,37,40,20.71,scattered clouds
163,Chadiza,ZM,-14.0678,32.4392,53.71,91,0,4.94,clear sky
164,Klaksvik,FO,62.2266,-6.589,40.12,71,63,22.84,broken clouds
165,Kahului,US,20.8947,-156.47,80.62,73,40,20.71,scattered clouds
166,Riyadh,SA,24.6877,46.7219,78.94,19,0,6.8,clear sky
167,Geraldton,AU,-28.7667,114.6,59.41,77,0,4.61,clear sky
168,Sao Joao Da Barra,BR,-21.6403,-41.0511,76.3,83,29,13.11,scattered clouds
169,Barkhan,PK,29.8977,69.5256,79.48,14,70,3.71,broken clouds
170,Malanje,AO,-9.5402,16.341,59.2,77,12,3.58,few clouds
171,Yulara,AU,-25.2406,130.9889,64.24,52,99,11.5,overcast clouds
172,Marawi,PH,7.9986,124.2928,77.63,79,97,1.25,overcast clouds
173,Lensk,RU,60.7253,114.9278,27.77,65,99,10.07,overcast clouds
174,Arlit,NE,18.7369,7.3853,83.25,12,31,9.82,scattered clouds
175,Agadir,MA,30.4202,-9.5982,63.05,73,0,6.46,clear sky
176,Buta,CD,2.7858,24.73,68.59,98,100,2.28,overcast clouds
177,Visby,SE,57.6409,18.296,35.82,80,49,5.75,scattered clouds
178,Ciudad Real,ES,39.0,-4.0,58.05,59,0,4.0,clear sky
179,Walvis Bay,NA,-22.9575,14.5053,56.35,94,0,2.3,clear sky
180,Ambon,ID,-3.6954,128.1814,93.34,59,40,4.61,scattered clouds
181,Garoua,CM,9.3,13.4,86.07,48,70,4.85,broken clouds
182,Onega,RU,63.9061,38.1404,29.46,91,100,5.35,overcast clouds
183,Paita,PE,-5.0892,-81.1144,67.93,83,83,13.44,broken clouds
184,Alyangula,AU,-13.8483,136.4192,85.87,66,5,5.75,clear sky
185,Palasa,IN,18.7667,84.4167,82.47,79,91,7.49,overcast clouds
186,Numan,NG,9.4667,12.0333,81.91,59,100,11.21,overcast clouds
187,Nzerekore,GN,7.7562,-8.8179,70.39,96,100,2.77,light rain
188,Atar,MR,20.5169,-13.0499,82.49,13,0,11.21,clear sky
189,Onalaska,US,43.8844,-91.2351,48.06,84,100,12.66,overcast clouds
190,Oranjemund,NA,-28.55,16.4333,68.61,21,0,11.43,clear sky
191,Rio Grande,BR,-32.035,-52.0986,49.95,74,10,9.4,clear sky
192,Maloy,NO,61.9353,5.1136,46.13,83,100,23.09,overcast clouds
193,Tual,ID,-5.6667,132.75,83.44,75,54,18.52,broken clouds
194,Hilo,US,19.7297,-155.09,76.28,92,100,10.36,heavy intensity rain
195,Cobija,BO,-11.0267,-68.7692,77.97,67,60,1.45,broken clouds
196,La Fleche,FR,47.6982,-0.0755,52.05,78,97,6.49,overcast clouds
197,Nanortalik,GL,60.1432,-45.2371,37.09,84,100,4.59,overcast clouds
198,Shingu,JP,33.7333,135.9833,64.67,32,82,2.89,broken clouds
199,Tautira,PF,-17.7333,-149.15,79.65,73,83,6.71,broken clouds
200,Mayumba,GA,-3.432,10.6554,77.36,93,87,4.45,light rain
201,Whitehorse,CA,60.7161,-135.0538,46.09,82,100,13.8,light rain
202,Torbay,CA,47.6666,-52.7314,43.57,90,75,4.0,broken clouds
203,Saint-Philippe,RE,-21.3585,55.7679,74.79,84,0,2.89,clear sky
204,Saldanha,ZA,-33.0117,17.9442,55.45,69,24,7.14,few clouds
205,Bathsheba,BB,13.2167,-59.5167,79.48,75,100,14.76,overcast clouds
206,Kamenka,RU,51.3223,42.7678,37.44,59,5,4.5,clear sky
207,Mahebourg,MU,-20.4081,57.7,72.25,94,20,1.14,few clouds
208,Oregon,US,44.0001,-120.5014,57.58,35,100,1.97,overcast clouds
209,Pisco,PE,-13.7,-76.2167,65.01,82,0,13.8,clear sky
210,Kaitangata,NZ,-46.2817,169.8464,62.22,63,33,4.97,scattered clouds
211,Boden,SE,65.8252,21.6886,41.0,82,100,9.78,overcast clouds
212,Forrest City,US,35.0081,-90.7898,66.83,61,100,3.18,overcast clouds
213,Nouadhibou,MR,20.931,-17.0347,67.98,83,0,13.8,clear sky
214,Cap Malheureux,MU,-19.9842,57.6142,72.46,81,2,7.76,clear sky
215,Los Llanos De Aridane,ES,28.6585,-17.9182,62.35,76,0,17.27,clear sky
216,Alta Floresta,BR,-9.8756,-56.0861,75.18,81,99,1.74,overcast clouds
217,Viet Tri,VN,21.3019,105.4308,71.55,65,48,5.53,scattered clouds
218,Omsukchan,RU,62.5333,155.8,29.01,89,52,7.94,broken clouds
219,Saint-Pierre,RE,-21.3393,55.4781,74.88,70,0,5.75,clear sky
220,Ucluelet,CA,48.9329,-125.5528,52.11,82,100,1.01,overcast clouds
221,Praia Da Vitoria,PT,38.7333,-27.0667,62.85,88,75,2.26,broken clouds
222,Jagdalpur,IN,19.0667,82.0333,80.46,46,77,6.06,broken clouds
223,Mbandaka,CD,0.0487,18.2603,70.57,96,100,2.68,light rain
224,Kabinda,CD,-6.1333,24.4833,64.09,97,33,5.12,scattered clouds
225,Beloha,MG,-25.1667,45.05,64.87,81,0,3.2,clear sky
226,Alice Springs,AU,-23.7,133.8833,65.75,45,45,11.5,scattered clouds
227,Ialibu,PG,-6.2821,143.9935,68.81,70,16,3.83,few clouds
228,Solwezi,ZM,-12.1688,26.3894,52.77,89,14,4.09,few clouds
229,Sitka,US,57.0531,-135.33,48.09,71,100,14.97,overcast clouds
230,Andenes,NO,69.3143,16.1194,35.58,87,100,13.8,overcast clouds
231,Zasechnoye,RU,53.1092,45.0764,36.79,61,30,3.6,scattered clouds
232,Hofn,IS,64.2539,-15.2082,34.45,60,100,13.18,overcast clouds
233,Chokurdakh,RU,70.6333,147.9167,30.07,89,41,10.45,scattered clouds
234,Isla Mujeres,MX,21.2311,-86.731,82.45,75,0,12.35,clear sky
235,Raigarh,IN,21.9,83.4,79.54,62,7,4.94,clear sky
236,Igarka,RU,67.4667,86.5833,26.56,94,100,6.76,overcast clouds
237,Taloda,IN,21.5667,74.2167,81.5,81,2,15.23,clear sky
238,Komsomolskiy,UZ,40.4272,71.7189,66.92,55,100,4.61,overcast clouds
239,Uren,RU,57.4552,45.7852,34.2,85,100,5.91,overcast clouds
240,Alice Town,BS,25.7167,-79.3,76.82,75,0,17.36,clear sky
241,Telfs,AT,47.3,11.0667,49.82,90,62,1.43,broken clouds
242,Nalut,LY,30.3333,10.85,54.97,68,0,7.58,clear sky
243,Tingi,TZ,-11.3,35.0333,57.83,88,25,3.24,scattered clouds
244,Bagting,PH,15.5558,121.2451,87.94,53,77,3.8,broken clouds
245,Vao,NC,-22.6667,167.4833,75.4,87,7,19.42,clear sky
246,Saskylakh,RU,71.9167,114.0833,16.14,90,34,5.73,scattered clouds
247,Hasaki,JP,35.7333,140.8333,57.6,54,100,13.91,overcast clouds
248,Guane,CU,22.2025,-84.0875,75.29,76,8,5.55,clear sky
249,Iguape,BR,-24.7081,-47.5553,73.54,91,44,2.73,scattered clouds
250,Vylkove,UA,45.4021,29.586,50.18,58,47,5.55,scattered clouds
251,Codrington,AU,-38.2667,141.9667,66.97,56,100,12.62,overcast clouds
252,Irituia,BR,-1.7711,-47.4381,73.9,99,100,2.71,moderate rain
253,Sao Filipe,CV,14.8961,-24.4956,73.04,73,0,7.7,clear sky
254,Yarmouth,US,41.7057,-70.2286,51.98,79,0,4.61,clear sky
255,Naze,JP,28.3667,129.4833,65.32,56,100,9.06,overcast clouds
256,Manaure,CO,11.7751,-72.4445,84.18,72,100,5.95,overcast clouds
257,Emba,KZ,48.8264,58.1442,45.81,77,4,10.51,clear sky
258,Sambava,MG,-14.2667,50.1667,77.2,85,75,7.81,broken clouds
259,Aramil,RU,56.6977,60.8369,30.31,69,0,8.99,clear sky
260,Barra Da Estiva,BR,-13.6261,-41.3269,65.48,79,79,4.9,broken clouds
261,Lufilufi,WS,-13.8745,-171.5986,85.78,76,94,8.28,light rain
262,Derzhavinsk,KZ,51.1,66.3167,44.67,81,0,10.51,clear sky
263,Georgetown,MY,5.4112,100.3354,80.55,94,20,3.44,few clouds
264,Puri,IN,19.8,85.85,82.92,88,100,13.04,overcast clouds
265,Clinton,US,42.587,-82.9199,60.69,64,75,16.11,broken clouds
266,Teberda,RU,43.4456,41.7448,44.65,99,100,2.73,overcast clouds
267,Narsaq,GL,60.9167,-46.05,41.22,80,100,1.72,overcast clouds
268,Klyuchi,RU,52.2667,79.1667,63.5,76,85,8.41,overcast clouds
269,Catamarca,AR,-28.4696,-65.7852,65.77,53,85,1.99,overcast clouds
270,Lasa,IT,46.6166,10.7002,49.08,91,48,3.49,scattered clouds
271,Astoria,US,46.1879,-123.8313,58.46,66,0,6.91,clear sky
272,Carutapera,BR,-1.195,-46.02,75.69,94,100,4.36,moderate rain
273,Xichang,CN,27.8964,102.2634,50.63,72,100,2.82,overcast clouds
274,Henties Bay,NA,-22.116,14.2845,62.76,69,0,8.66,clear sky
275,Banda Aceh,ID,5.5577,95.3222,82.31,76,100,11.27,overcast clouds
276,Asilah,MA,35.465,-6.0348,62.56,87,0,5.06,clear sky
277,Irbeyskoye,RU,55.6428,95.4522,49.69,81,100,10.63,overcast clouds
278,Pacific Grove,US,36.6177,-121.9166,74.55,73,0,9.22,clear sky
279,Pevek,RU,69.7008,170.3133,19.85,70,100,8.21,overcast clouds
280,Borodino,RU,55.9106,94.8983,47.55,78,100,13.71,overcast clouds
281,Luwuk,ID,-0.9516,122.7875,85.01,69,28,4.59,scattered clouds
282,Pacifica,US,37.6138,-122.4869,73.44,71,20,27.63,haze
283,Gramada,BG,43.8344,22.6586,47.12,85,83,4.23,broken clouds
284,Sal Rei,CV,16.1833,-22.9167,70.23,83,3,14.05,clear sky
285,Hvolsvollur,IS,63.7533,-20.2243,41.59,66,84,1.79,broken clouds
286,Flinders,AU,-34.5833,150.8552,72.37,73,2,5.99,clear sky
287,Ulaanbaatar,MN,47.9077,106.8832,42.93,39,0,2.24,clear sky
288,Skibbereen,IE,51.55,-9.2667,52.11,94,89,6.69,overcast clouds
289,Fortuna,US,40.5982,-124.1573,60.93,73,0,13.8,clear sky
290,Balabac,PH,7.9868,117.0645,84.24,74,40,6.51,scattered clouds
291,Mahibadhoo,MV,3.7833,72.9667,84.83,75,97,17.9,overcast clouds
292,Kabelvag,NO,68.2114,14.4817,38.53,97,100,9.13,light rain
293,Yarensk,RU,62.1675,49.0916,26.35,95,29,4.61,scattered clouds
294,Alihe,CN,50.5667,123.7167,45.14,52,100,5.82,overcast clouds
295,Newport,GB,51.5877,-2.9984,51.46,91,100,0.78,overcast clouds
296,Xiongzhou,CN,25.1167,114.3,61.84,71,100,4.03,overcast clouds
297,Seka,TH,17.9285,103.9552,77.25,55,99,7.83,overcast clouds
298,Kedrovyy,RU,56.1667,91.8167,41.41,80,100,6.17,overcast clouds
299,Gamba,GA,-2.65,10.0,75.27,96,100,2.57,moderate rain
300,Khandyga,RU,62.6667,135.6,41.88,70,50,7.94,scattered clouds
301,Tres Arroyos,AR,-38.3739,-60.2798,45.12,75,100,4.72,overcast clouds
302,Djambala,CG,-2.5447,14.7533,68.36,94,100,3.33,overcast clouds
303,Cockburn Town,TC,21.4612,-71.1419,75.16,83,75,8.05,broken clouds
304,Coquimbo,CL,-29.9533,-71.3436,55.13,94,0,2.3,clear sky
305,Kismayo,SO,-0.3582,42.5454,80.49,82,100,11.65,light rain
306,Souillac,MU,-20.5167,57.5167,71.98,94,20,1.14,few clouds
307,Yeppoon,AU,-23.1333,150.7333,76.78,76,82,16.44,broken clouds
308,Tessalit,ML,20.1986,1.0114,74.53,17,0,8.77,clear sky
309,Tabou,CI,4.423,-7.3528,80.67,81,34,7.16,scattered clouds
310,Magadan,RU,59.5667,150.8,43.54,83,69,5.01,broken clouds
311,Biltine,TD,14.5333,20.9167,87.89,17,23,6.2,few clouds
312,Wajima,JP,37.4,136.9,54.28,76,40,3.44,scattered clouds
313,Mashpee,US,41.6484,-70.4811,53.92,59,0,6.91,clear sky
314,Sisimiut,GL,66.9395,-53.6735,25.65,74,100,6.22,overcast clouds
315,Kruisfontein,ZA,-34.0033,24.7314,48.88,88,0,3.98,clear sky
316,Vanimo,PG,-2.6741,141.3028,79.54,89,100,7.74,overcast clouds
317,Petropavlovsk-Kamchatskiy,RU,53.0452,158.6483,43.39,49,0,17.9,clear sky
318,Ostrovnoy,RU,68.0531,39.5131,15.96,93,75,8.19,broken clouds
319,Den Helder,NL,52.9599,4.7593,46.96,83,90,8.05,overcast clouds
320,Umm Lajj,SA,25.0213,37.2685,78.19,50,0,9.31,clear sky
321,Catuday,PH,16.2923,119.8062,82.96,65,92,4.5,overcast clouds
322,Isangel,VU,-19.55,169.2667,87.91,74,75,6.91,broken clouds
323,Port Hedland,AU,-20.3167,118.5667,78.85,57,99,10.36,overcast clouds
324,Guangyuan,CN,32.442,105.823,61.07,47,96,3.27,overcast clouds
325,Ferme-Neuve,CA,46.7001,-75.4493,50.22,75,100,4.99,overcast clouds
326,Florianopolis,BR,-27.6146,-48.5012,67.69,81,75,9.22,broken clouds
327,Taltal,CL,-25.4,-70.4833,60.75,82,29,3.4,scattered clouds
328,Morondava,MG,-20.2833,44.2833,70.63,75,0,10.25,clear sky
329,Ikongo,MG,-21.8833,47.4333,63.79,93,22,2.39,few clouds
330,Tomatlan,MX,19.9333,-105.25,79.3,51,1,5.57,clear sky
331,Kiama,AU,-34.6833,150.8667,72.57,72,3,4.05,clear sky
332,Dunedin,NZ,-45.8742,170.5036,63.46,58,3,1.61,clear sky
333,Mancio Lima,BR,-7.6142,-72.8958,77.47,79,93,1.59,overcast clouds
334,Champerico,GT,14.3,-91.9167,88.34,68,90,6.08,overcast clouds
335,Okhotsk,RU,59.3833,143.3,36.52,81,44,8.86,scattered clouds
336,Kieta,PG,-6.2167,155.6333,85.66,67,60,4.41,broken clouds
337,Kupang,ID,-10.1667,123.5833,85.19,66,86,9.78,overcast clouds
338,Carnduff,CA,49.1667,-101.8009,50.38,67,96,11.1,overcast clouds
339,Buin,CL,-33.7333,-70.75,64.06,58,81,3.15,broken clouds
340,Bambanglipuro,ID,-7.95,110.2833,82.02,80,100,3.29,overcast clouds
341,La Rioja,ES,42.25,-2.5,40.78,80,100,3.04,overcast clouds
342,Bay Roberts,CA,47.5999,-53.2648,44.35,96,100,2.42,overcast clouds
343,Madang,PG,-5.2246,145.7966,86.65,62,9,1.97,clear sky
344,Caravelas,BR,-17.7125,-39.2481,74.03,81,0,5.19,clear sky
345,La Plata,AR,-34.9215,-57.9545,53.04,74,2,8.75,clear sky
346,Yumen,CN,40.2833,97.2,56.14,12,92,2.35,overcast clouds
347,Ouallam,NE,14.3188,2.0866,87.8,12,13,7.7,few clouds
348,Sarkand,KZ,45.41,79.9186,71.35,30,88,7.25,overcast clouds
349,Kokopo,PG,-4.352,152.2633,85.21,65,6,5.37,clear sky
350,Leduc,CA,53.2668,-113.552,55.38,55,100,9.22,overcast clouds
351,Airai,TL,-8.9266,125.4092,72.23,49,68,5.37,broken clouds
352,Kampot,KH,10.6167,104.1833,77.05,76,100,3.44,light rain
353,San Quintin,MX,30.4833,-115.95,61.97,72,0,14.99,clear sky
354,Coihaique,CL,-45.5752,-72.0662,44.55,87,40,4.61,scattered clouds
355,Port Blair,IN,11.6667,92.75,78.84,94,75,2.3,mist
356,Kaka,TM,37.3482,59.6143,62.71,84,100,7.05,overcast clouds
357,Goderich,CA,43.7501,-81.7165,53.92,82,100,9.22,overcast clouds
358,Mecca,SA,21.4267,39.8261,80.98,68,5,2.26,clear sky
359,Ghanzi,BW,-21.5667,21.7833,65.07,48,49,12.08,scattered clouds
360,Deputatskiy,RU,69.3,139.9,30.16,83,100,0.69,overcast clouds
361,Sol-Iletsk,RU,51.1631,54.9918,37.78,70,0,11.59,clear sky
362,Yuanping,CN,38.7153,112.7575,64.4,25,0,1.01,clear sky
363,Amapa,BR,1.0,-52.0,72.61,99,100,2.37,overcast clouds
364,Dzhebariki-Khaya,RU,62.2167,135.8,42.26,71,11,6.73,few clouds
365,Great Bend,US,38.3645,-98.7648,72.84,30,0,10.36,clear sky
366,Saint-Leu,RE,-21.15,55.2833,72.68,77,0,5.86,clear sky
367,Olkhovka,RU,53.2115,60.6069,35.89,66,6,13.42,clear sky
368,Natal,BR,-5.795,-35.2094,79.02,94,75,10.36,broken clouds
369,Guerrero Negro,MX,27.9769,-114.0611,63.75,72,6,17.9,clear sky
370,Turukhansk,RU,65.8167,87.9833,27.01,90,18,11.61,few clouds
371,Bardsir,IR,29.9227,56.5743,56.23,35,0,13.22,clear sky
372,Saint Albans,GB,51.75,-0.3333,51.15,88,100,3.44,overcast clouds
373,Boueni,YT,-12.9025,45.0761,82.38,74,100,18.12,overcast clouds
374,Cairns,AU,-16.9167,145.7667,83.1,79,40,10.36,scattered clouds
375,Honiara,SB,-9.4333,159.95,83.32,78,100,4.65,overcast clouds
376,Hay River,CA,60.8156,-115.7999,46.36,57,40,9.22,scattered clouds
377,Alibag,IN,18.6411,72.8792,84.27,81,20,1.48,few clouds
378,Camapua,BR,-19.5314,-54.0439,78.12,45,100,4.03,overcast clouds
379,Poltar,SK,48.4309,19.7941,51.17,82,100,3.06,overcast clouds
380,Dhoraji,IN,21.7333,70.45,80.65,89,8,8.14,clear sky
381,Progreso,MX,21.2833,-89.6667,86.11,80,40,15.39,scattered clouds
382,Najran,SA,17.4924,44.1277,74.05,31,6,1.43,clear sky
383,Ewa Beach,US,21.3156,-158.0072,84.15,56,40,21.85,scattered clouds
384,Hastings,GB,50.8552,0.5729,49.75,74,100,3.56,light rain
385,Beira,MZ,-19.8436,34.8389,75.29,83,40,12.66,scattered clouds
386,Ukiah,US,39.1502,-123.2078,75.65,29,0,12.66,clear sky
387,Cabedelo,BR,-6.9811,-34.8339,77.67,83,23,9.71,few clouds
388,Lorengau,PG,-2.0226,147.2712,83.14,76,100,2.17,overcast clouds
389,Ginir,ET,7.1333,40.7,57.33,83,79,3.36,broken clouds
390,Las Vegas,US,36.175,-115.1372,83.08,11,0,31.07,clear sky
391,Huilong,CN,31.8111,121.655,64.92,61,94,11.18,overcast clouds
392,Bandarbeyla,SO,9.4942,50.8122,82.58,81,100,7.96,overcast clouds
393,Otradnoye,RU,59.7775,30.8181,40.87,93,33,5.23,scattered clouds
394,Port Keats,AU,-14.25,129.55,86.58,46,72,13.73,broken clouds
395,Port-Gentil,GA,-0.7193,8.7815,81.18,79,100,8.81,light rain
396,Coahuayana,MX,18.7333,-103.6833,78.1,58,6,4.16,clear sky
397,Bulalacao,PH,12.3254,121.3435,83.48,73,100,13.2,overcast clouds
398,Paamiut,GL,61.994,-49.6678,31.1,93,81,6.17,broken clouds
399,Cedar City,US,37.6775,-113.0619,52.77,47,100,20.71,overcast clouds
400,Businga,CD,3.3333,20.8833,70.52,98,100,2.35,overcast clouds
401,Thana,PK,34.6369,72.0739,76.91,29,5,7.76,clear sky
402,Naron,ES,43.5167,-8.1528,56.25,73,100,3.49,overcast clouds
403,Labuhan,ID,-6.8844,112.2051,82.38,82,96,8.16,overcast clouds
404,Simian,RO,44.6142,22.7072,47.62,80,14,6.62,few clouds
405,Wanaka,NZ,-44.7,169.15,57.11,83,1,1.01,clear sky
406,Kargala,RU,56.6208,83.9607,40.15,86,98,2.46,overcast clouds
407,Spinus,RO,47.2,22.2,54.05,84,99,4.52,overcast clouds
408,Launceston,AU,-41.45,147.1667,63.34,82,100,17.27,overcast clouds
409,Loandjili,CG,-4.7561,11.8578,78.91,94,20,0.0,few clouds
410,Burgeo,CA,47.6167,-57.6152,37.15,90,100,12.01,overcast clouds
411,Nome,US,64.5011,-165.4064,44.67,57,0,23.02,clear sky
412,Dingle,PH,10.9995,122.6711,84.96,67,54,7.99,broken clouds
413,Port Augusta,AU,-32.5,137.7667,67.26,41,0,3.15,clear sky
414,Ust-Tsilma,RU,65.441,52.1498,22.89,94,100,4.63,overcast clouds
415,Quimper,FR,48.0,-4.1,54.18,76,0,6.91,clear sky
416,Sladkovo,RU,55.5284,70.3385,36.54,98,100,4.76,overcast clouds
417,Owando,CG,-0.4819,15.8999,71.64,94,100,3.11,overcast clouds
418,Pecica,RO,46.1667,21.0667,54.05,71,20,6.91,few clouds
419,Agadez,NE,19.75,10.25,84.79,11,7,10.78,clear sky
420,Poronaysk,RU,49.2167,143.1167,36.43,95,100,11.92,overcast clouds
421,Doka,SD,13.5167,35.7667,87.69,26,38,4.09,scattered clouds
422,Aitape,PG,-3.1374,142.3475,82.36,81,93,5.68,overcast clouds
423,Akniste,LV,56.1615,25.7478,42.96,95,95,0.94,overcast clouds
424,Amga,RU,60.8953,131.9608,44.08,61,8,12.48,clear sky
425,Kagadi,UG,0.9606,30.7967,61.02,99,100,1.86,overcast clouds
426,Zhob,PK,31.3411,69.4481,74.52,19,70,1.7,broken clouds
427,Eyl,SO,7.9803,49.8164,83.34,74,100,7.09,light rain
428,Leh,IN,34.1667,77.5833,43.0,38,0,4.41,clear sky
429,Ambilobe,MG,-13.2,49.05,72.09,96,1,3.13,clear sky
430,Kurmanayevka,RU,52.5093,52.0675,34.75,64,0,5.37,clear sky
431,Tukrah,LY,32.5341,20.5791,67.5,63,0,16.24,clear sky
432,Partizansk,RU,43.1258,133.1339,47.26,62,61,6.46,broken clouds
433,Saint-Felicien,CA,48.6501,-72.4491,52.3,53,20,0.0,few clouds
434,Mangochi,MW,-14.4782,35.2645,63.55,90,55,6.71,broken clouds
435,Neiafu,TO,-18.65,-173.9833,86.68,79,75,6.91,broken clouds
436,Auki,SB,-8.7676,160.7034,80.53,82,100,4.68,overcast clouds
437,Borogontsy,RU,62.6683,131.1683,42.87,69,21,14.16,few clouds
438,Lagoa,PT,39.05,-27.9833,60.96,82,9,2.75,clear sky
439,Mango,US,27.9797,-82.3065,76.91,93,100,8.05,moderate rain
440,Zhanaozen,KZ,43.3,52.8,62.73,46,36,22.57,scattered clouds
441,Ventspils,LV,57.3894,21.5606,31.93,100,13,0.0,fog
442,Boa Vista,BR,2.8197,-60.6733,82.38,57,0,5.75,clear sky
443,Barentu,ER,15.1139,37.5928,79.88,36,6,5.59,clear sky
444,Andros Town,BS,24.7,-77.7667,78.76,73,0,17.54,clear sky
445,Broome,US,42.2506,-75.833,55.78,64,100,11.5,overcast clouds
446,Bermejo,AR,-32.8833,-68.8,57.11,54,0,4.61,clear sky
447,Zemio,CF,5.0314,25.1361,67.71,96,100,3.4,overcast clouds
448,Nuevo Ideal,MX,24.8875,-105.0728,73.38,10,100,16.06,overcast clouds
449,Ewo,CG,-0.8725,14.8206,73.26,88,60,3.31,broken clouds
450,Roebourne,AU,-20.7833,117.1333,82.29,47,100,17.58,overcast clouds
451,Polyarnyy,RU,69.1989,33.4478,25.5,91,100,4.94,overcast clouds
452,Mount Isa,AU,-20.7333,139.5,80.37,50,0,11.5,clear sky
453,Acapulco,MX,16.8634,-99.8901,80.98,60,36,5.19,scattered clouds
454,Cururupu,BR,-1.8283,-44.8683,74.46,98,100,2.75,overcast clouds
455,Roma,US,43.2128,-75.4557,62.74,34,0,6.91,clear sky
456,Novikovo,RU,51.1537,37.8879,40.03,62,61,3.11,broken clouds
457,Gallup,US,35.5281,-108.7426,73.24,9,0,31.07,clear sky
458,Bowen,AU,-20.0167,148.2333,78.3,72,60,15.41,broken clouds
459,Kondinskoye,RU,59.6481,67.41,36.14,69,100,3.91,overcast clouds
460,Megion,RU,61.0296,76.1136,30.22,69,100,3.83,overcast clouds
461,Sotouboua,TG,8.5667,0.9833,75.24,80,94,2.06,overcast clouds
462,Ust-Maya,RU,60.4167,134.5333,44.17,67,6,13.38,clear sky
463,Kanigiri,IN,15.4,79.5167,84.47,74,71,5.08,broken clouds
464,Qaqortoq,GL,60.7167,-46.0333,36.64,88,100,0.65,overcast clouds
465,Dali,CN,25.7,100.1833,48.6,88,100,5.32,overcast clouds
466,Tatawin,TN,32.9297,10.4518,57.58,59,5,3.71,clear sky
467,Powell River,CA,49.8496,-124.5361,56.19,66,100,11.5,overcast clouds
468,Saint-Augustin,CA,51.226,-58.6502,33.48,81,100,19.77,snow
469,Batemans Bay,AU,-35.7167,150.1833,62.1,48,1,3.27,clear sky
470,Arica,CL,-18.475,-70.3042,63.95,67,0,3.44,clear sky
471,Santa Rosa,PH,14.3122,121.1114,89.11,68,100,8.48,overcast clouds
472,Khani,GE,41.9563,42.9566,44.17,99,100,1.25,light rain
473,Aklavik,CA,68.2191,-135.0107,38.14,88,100,14.5,overcast clouds
474,Vila Franca Do Campo,PT,37.7167,-25.4333,66.2,92,23,3.02,few clouds
475,Linares,CL,-35.85,-71.6,48.76,81,86,4.16,overcast clouds
476,Havre-Saint-Pierre,CA,50.2334,-63.5986,37.76,75,100,9.22,overcast clouds
477,Boende,CD,-0.2167,20.8667,70.02,96,99,2.39,overcast clouds
478,Meybod,IR,32.2501,54.0166,64.42,58,0,8.21,clear sky
479,Dhidhdhoo,MV,6.8833,73.1,85.17,75,100,13.91,overcast clouds
480,Marzuq,YE,14.4,46.4667,75.38,50,23,2.01,few clouds
481,Araouane,ML,18.9048,-3.5265,78.1,15,0,10.74,clear sky
482,Wanning,CN,18.8003,110.3967,69.21,95,100,16.46,overcast clouds
483,Maihar,IN,24.2667,80.75,87.57,24,100,5.17,overcast clouds
484,Axim,GH,4.8699,-2.2405,79.93,84,98,7.67,overcast clouds
485,Severo-Kurilsk,RU,50.6789,156.125,36.23,85,83,8.43,broken clouds
486,Santiago,CL,-33.4569,-70.6483,63.18,51,0,8.05,clear sky
487,Santiago Del Estero,AR,-27.7951,-64.2615,61.75,45,100,3.02,overcast clouds
488,Kysyl-Syr,RU,63.8986,122.7617,21.13,79,100,17.02,overcast clouds
489,Bath,GB,51.3779,-2.3591,51.39,94,100,1.25,overcast clouds
490,Choya,RU,52.0108,86.5467,62.58,44,100,4.56,overcast clouds
491,Beberibe,BR,-4.1797,-38.1306,81.14,82,90,11.7,overcast clouds
492,Ust-Ishim,RU,57.6935,71.1665,33.48,79,19,3.4,few clouds
493,Pinotepa Nacional,MX,16.3167,-98.0167,81.23,61,100,4.34,overcast clouds
494,Port Macquarie,AU,-31.4333,152.9167,70.9,57,63,3.47,broken clouds
495,Twentynine Palms,US,34.1356,-116.0542,89.74,11,0,5.99,clear sky
496,Christchurch,NZ,-43.5333,172.6333,69.94,63,4,4.61,clear sky
497,Vikulovo,RU,56.8167,70.6107,34.18,90,12,4.7,few clouds
498,Ler,SS,8.3018,30.1418,82.26,50,96,7.45,overcast clouds
499,North Bend,US,43.4065,-124.2243,57.92,84,0,6.91,clear sky
500,Dakar,SN,14.6937,-17.4441,68.88,94,75,6.91,mist
501,Belmonte,BR,-15.8631,-38.8828,75.88,80,0,4.97,clear sky
502,Brownsville,US,25.9018,-97.4975,81.09,83,75,5.99,broken clouds
503,Tawau,MY,4.2498,117.8871,82.53,80,94,3.74,overcast clouds
504,Matamoros,MX,25.5333,-103.25,90.84,7,100,5.93,overcast clouds
505,Byron Bay,AU,-28.65,153.6167,73.29,55,49,12.44,scattered clouds
506,Constitucion,CL,-35.3333,-72.4167,52.93,75,12,7.31,few clouds
507,Itoman,JP,26.1247,127.6694,66.22,82,75,10.36,light rain
508,Kalabo,ZM,-14.97,22.6814,59.32,62,0,5.97,clear sky
509,Rosarito,MX,32.3333,-117.0333,66.42,69,48,7.54,scattered clouds
510,Sur,OM,22.5667,59.5289,81.59,58,0,1.66,clear sky
511,Hervey Bay,AU,-25.2986,152.8535,71.02,88,100,11.99,light rain
512,Albina,SR,5.5,-54.05,73.2,96,100,2.28,overcast clouds
513,Dieppe,FR,49.75,1.1667,51.33,87,100,6.76,light rain
514,Ishigaki,JP,24.3448,124.1572,68.13,88,75,14.97,broken clouds
515,Menongue,AO,-14.6585,17.691,58.77,69,34,3.49,scattered clouds
516,Sheboygan,US,43.7333,-87.9334,49.78,81,100,12.66,overcast clouds
517,Creel,MX,27.75,-107.6333,62.33,17,0,15.14,clear sky
518,Vila Velha,BR,-20.3297,-40.2925,78.75,80,0,9.22,clear sky
519,Eilenburg,DE,51.4598,12.6334,50.13,90,100,5.5,overcast clouds
520,Saint-Joseph,RE,-21.3667,55.6167,72.21,81,0,3.62,clear sky
521,Lingao,CN,19.9103,109.6859,65.84,90,100,15.7,overcast clouds
522,Susanville,US,40.4163,-120.653,65.66,28,0,4.61,clear sky
523,Stokmarknes,NO,68.5646,14.9108,33.78,93,100,12.66,light snow
524,Tierralta,CO,8.1736,-76.0592,78.46,89,100,4.18,overcast clouds
525,Bosaso,SO,11.2842,49.1816,85.39,66,4,9.55,clear sky
526,Xam Nua,LA,20.4197,104.0439,61.14,80,96,2.8,overcast clouds
527,San Jose,US,37.3394,-121.895,76.89,41,0,19.57,clear sky
528,Burnie,AU,-41.0667,145.9167,62.94,77,100,12.28,overcast clouds
529,Bubaque,GW,11.2833,-15.8333,77.58,71,100,10.94,overcast clouds
530,Pangnirtung,CA,66.1451,-65.7125,26.76,97,100,4.97,light snow
531,Wilkes-Barre,US,41.2459,-75.8813,56.82,86,100,4.61,overcast clouds
532,Senneterre,CA,48.3835,-77.2328,47.25,85,100,9.53,overcast clouds
533,Petauke,ZM,-14.2426,31.3253,59.92,80,0,11.12,clear sky
534,Namibe,AO,-15.1961,12.1522,73.67,68,93,8.7,overcast clouds
535,Shahpur,IN,16.7,76.8333,86.04,42,71,9.86,broken clouds
536,Mana,GF,5.6592,-53.7767,77.47,86,96,10.83,overcast clouds
537,Korla,CN,41.7597,86.1469,61.18,25,6,3.87,clear sky
538,Vitim,RU,59.4511,112.5578,29.14,66,100,8.55,overcast clouds
539,Mocuba,MZ,-16.8392,36.9856,64.71,98,79,3.56,broken clouds
540,Huari,PE,-9.3333,-77.2333,43.81,87,45,2.46,light rain
541,Krasnoselkup,RU,65.7,82.4667,22.71,90,20,7.23,few clouds
542,Kazanskaya,RU,45.4106,40.4361,48.87,96,100,17.47,light rain
543,Sorland,NO,67.667,12.6934,36.61,73,100,23.2,overcast clouds
544,Umarkot,PK,25.3616,69.7362,84.79,43,95,17.67,overcast clouds
545,Rakitovo,BG,41.9833,24.0833,43.56,97,89,1.97,overcast clouds
546,Matara,LK,5.9485,80.5353,79.2,89,95,10.31,overcast clouds
547,Bousso,TD,10.4795,16.7117,88.18,39,100,4.41,overcast clouds
548,Omboue,GA,-1.5746,9.2618,78.12,89,100,5.53,light rain
549,Rundu,NA,-17.9333,19.7667,64.54,46,65,5.57,broken clouds
550,Vilcun,CL,-38.65,-72.2333,47.14,97,0,1.7,clear sky
551,Iqaluit,CA,63.7506,-68.5145,26.33,86,40,6.91,scattered clouds
552,Suntar,RU,62.1444,117.6319,27.57,53,96,13.27,overcast clouds
553,Kalininsk,RU,51.5,44.4758,37.29,60,2,3.8,clear sky
554,La Union,PE,-5.4,-80.75,70.97,71,23,17.36,few clouds
555,Ossora,RU,59.2353,163.0719,31.03,90,47,3.53,scattered clouds
556,Nishihara,JP,26.1842,127.7558,65.48,83,75,10.36,light rain
557,Marsa Matruh,EG,31.3525,27.2453,66.4,88,0,13.8,clear sky
558,Matay,EG,28.419,30.7792,74.61,27,98,7.49,overcast clouds
559,Miyakonojo,JP,31.7333,131.0667,60.94,41,100,3.24,overcast clouds
560,Kenai,US,60.5544,-151.2583,49.03,46,100,11.5,overcast clouds
561,Otavi,NA,-19.65,17.3333,62.06,50,23,5.73,few clouds
562,Fomboni,KM,-12.28,43.7425,81.81,68,100,21.32,overcast clouds
563,Hobyo,SO,5.3505,48.5268,83.95,73,100,17.31,light rain
564,Pasighat,IN,28.0667,95.3333,75.74,67,100,0.36,overcast clouds
565,Vanavara,RU,60.34,102.2797,31.66,54,100,7.54,overcast clouds
566,Marfino,RU,55.7028,37.3822,44.74,56,0,2.24,clear sky
567,Prainha,BR,-1.8,-53.48,74.53,96,100,4.38,overcast clouds
568,Sovetskiy,RU,61.3614,63.5842,29.19,89,100,8.86,overcast clouds
569,Tukan,RU,53.8409,57.4552,28.11,86,6,3.47,clear sky
570,Tambacounda,SN,13.7539,-13.7586,91.45,25,0,2.3,clear sky
571,Sibu,MY,2.3,111.8167,79.11,89,20,4.61,few clouds
572,Vostok,RU,46.4856,135.8833,41.47,58,100,4.05,overcast clouds
573,Dolinsk,RU,47.35,142.8,34.68,98,100,8.79,snow
574,Armidale,AU,-30.5167,151.65,62.35,49,6,5.91,clear sky
575,Hamilton,US,39.1834,-84.5333,71.04,38,0,13.8,clear sky
576,Kavaratti,IN,10.5669,72.642,84.16,71,100,9.15,overcast clouds
577,Haines Junction,CA,60.7522,-137.5108,49.95,43,100,9.22,overcast clouds
578,Silifke,TR,36.3778,33.9344,64.81,65,1,7.38,clear sky
579,Leningradskiy,RU,69.3833,178.4167,18.77,75,80,8.88,broken clouds
580,Morgan City,US,29.6994,-91.2068,75.02,100,0,3.44,clear sky
581,Granard,IE,53.7667,-7.5,48.51,97,100,1.74,overcast clouds
582,San Vicente,AR,-26.6167,-54.1333,62.06,99,55,2.28,broken clouds
583,Preobrazheniye,RU,42.9019,133.9064,47.19,67,65,4.34,broken clouds
584,Maku,IR,39.2911,44.4521,52.83,88,100,2.39,overcast clouds
585,Linkou,CN,45.3,130.2833,48.94,55,61,6.71,broken clouds
586,Thinadhoo,MV,0.5333,72.9333,85.08,75,97,19.17,overcast clouds
587,Tadine,NC,-21.55,167.8833,78.64,84,45,12.48,scattered clouds
588,Rassvet,RU,46.8333,40.75,50.2,60,100,2.91,overcast clouds
589,Pedernales,DO,18.0384,-71.744,76.08,86,100,11.3,overcast clouds
590,San Juan,AR,-31.5375,-68.5364,59.86,46,0,8.46,clear sky
591,Ziro,IN,27.6333,93.8333,48.94,86,100,1.41,overcast clouds
592,Muros,ES,42.7762,-9.0603,51.22,86,100,4.65,overcast clouds
593,San-Pedro,CI,4.7485,-6.6363,80.24,85,29,6.58,scattered clouds
594,Tancheng,CN,27.4375,115.4976,61.75,78,100,2.48,overcast clouds
595,Joue-Les-Tours,FR,47.3522,0.6691,50.67,77,0,5.75,clear sky
596,Newton,US,42.337,-71.2092,56.91,50,0,9.22,clear sky
597,Panama City,PA,8.9936,-79.5197,82.35,86,40,6.91,scattered clouds
598,Reconquista,AR,-29.15,-59.65,61.11,88,100,7.11,overcast clouds
599,Chapais,CA,49.7834,-74.8492,53.38,93,58,5.77,broken clouds
600,Sault Sainte Marie,CA,46.5168,-84.3333,44.89,92,100,11.5,mist
601,Bethanien,NA,-26.502,17.1583,55.33,20,0,3.71,clear sky
602,Severnoye,RU,56.3491,78.3619,37.22,77,100,9.06,overcast clouds
603,Winslow,US,35.0242,-110.6974,77.18,6,0,28.77,clear sky
604,Dzilam Gonzalez,MX,21.2833,-88.9333,76.87,80,76,8.05,broken clouds
605,Loiza,PR,18.4313,-65.8802,77.07,91,40,3.44,scattered clouds
606,Laishevo,RU,55.4046,49.5504,34.02,69,39,7.7,scattered clouds
607,Trelew,AR,-43.249,-65.3051,50.97,57,100,8.86,overcast clouds
608,Clarence Town,AU,-32.5833,151.7833,71.82,61,1,4.03,clear sky
609,Krasnosilka,UA,46.6226,30.7742,49.8,70,20,5.41,few clouds
610,Afonso Bezerra,BR,-5.4983,-36.5056,77.52,79,87,13.76,overcast clouds
611,Huarmey,PE,-10.0681,-78.1522,66.45,85,100,7.67,overcast clouds
612,Buritis,BR,-15.6178,-46.4233,74.37,44,82,0.38,broken clouds
613,Shu,KZ,43.5983,73.7614,64.89,57,98,4.56,overcast clouds
614,Mildura,AU,-34.2,142.15,67.06,67,0,3.44,clear sky
615,Opportunity,US,47.6499,-117.2399,60.49,53,100,9.22,overcast clouds
616,Asahikawa,JP,43.7678,142.3703,49.21,76,75,6.91,broken clouds
617,Tornio,FI,65.8481,24.1466,33.82,92,100,10.54,light snow
618,Carauari,BR,-4.8828,-66.8958,73.58,97,96,2.51,overcast clouds
619,Bac Lieu,VN,9.285,105.7244,84.79,72,51,6.17,broken clouds
620,Gopalpur,IN,19.2667,84.9167,82.15,81,94,12.39,overcast clouds
621,Fonte Boa,BR,-2.4959,-66.2662,72.1,99,100,0.63,light rain
622,Murdochville,CA,48.9583,-65.5006,32.88,96,99,4.27,overcast clouds
623,Rantepao,ID,-2.9701,119.8978,77.13,78,29,2.68,scattered clouds
624,Fort Nelson,CA,58.8053,-122.7002,53.19,40,40,9.22,scattered clouds
625,Tamandare,BR,-8.7597,-35.1047,77.0,87,19,5.64,few clouds
626,Sao Luis De Montes Belos,BR,-16.525,-50.3722,67.12,55,0,2.21,clear sky
627,Marion,US,39.7684,-86.1555,59.38,65,75,16.11,broken clouds
628,Stavanger,NO,58.9701,5.7333,42.26,85,56,3.44,broken clouds
629,Blois,FR,47.5833,1.3333,48.58,78,100,6.85,overcast clouds
630,Itarema,BR,-2.9248,-39.9167,78.15,89,36,10.6,scattered clouds
631,Lavrentiya,RU,65.5833,-171.0,18.9,73,11,11.5,few clouds
632,Loveland,US,40.3978,-105.075,63.25,33,40,10.0,scattered clouds
633,Concordia,AR,-31.393,-58.0209,58.78,69,100,4.0,overcast clouds
634,Novo Aripuana,BR,-5.1206,-60.3797,74.26,97,96,2.35,overcast clouds
635,Masvingo,ZW,-20.0637,30.8277,53.6,96,24,4.99,few clouds
636,Gao,ML,16.6362,1.637,84.43,13,99,11.83,overcast clouds
637,Kongoussi,BF,13.3258,-1.5347,91.96,32,94,4.47,overcast clouds
638,Nyurba,RU,63.2842,118.3319,26.29,52,15,13.62,few clouds
639,San Matias,BO,-16.3667,-58.4,80.94,46,51,5.68,broken clouds
640,Denpasar,ID,-8.65,115.2167,85.71,79,20,10.36,few clouds
641,Tura,IN,25.5198,90.2201,72.46,90,47,5.14,scattered clouds
642,Charters Towers,AU,-20.1,146.2667,78.33,49,0,10.29,clear sky
643,Slobidka,UA,47.8869,29.3461,43.83,84,39,3.56,scattered clouds
644,Dunhua,CN,43.3725,128.2425,45.79,47,14,6.71,few clouds
645,Svobodnyy,RU,51.4,128.1333,52.57,29,99,10.47,overcast clouds
646,Alofi,NU,-19.0595,-169.9187,84.09,79,100,9.22,overcast clouds
647,Inongo,CD,-1.95,18.2667,70.93,95,87,3.15,overcast clouds
648,Erzin,TR,36.9559,36.2,61.21,95,76,3.96,broken clouds
649,Manokwari,ID,-0.8667,134.0833,80.29,80,100,2.1,overcast clouds
650,Cortes,ES,41.9395,-1.4396,57.25,75,49,12.71,scattered clouds
651,Margate,GB,51.3813,1.3862,51.31,72,100,1.01,overcast clouds
652,Oktyabrskiy,RU,54.4815,53.471,32.77,63,2,4.07,clear sky
653,San Jeronimo,PE,-11.9472,-75.2829,49.46,81,97,2.89,overcast clouds
654,Hashtrud,IR,37.4779,47.0508,47.66,89,100,3.78,overcast clouds
655,Solosolo,WS,-13.875,-171.6418,85.84,76,92,8.37,light rain
656,Empalme,MX,27.9667,-110.8167,85.35,43,0,12.12,clear sky
657,Tombouctou,ML,20.0,-3.0,75.22,19,0,11.68,clear sky
658,Kiunga,PG,-6.1219,141.2906,89.37,58,16,0.51,few clouds
659,Price,US,39.5994,-110.8107,52.86,50,100,17.27,overcast clouds
660,Mizdah,LY,31.4451,12.9801,52.7,85,0,13.35,clear sky
661,Baiyin,CN,36.5583,104.2081,51.96,35,0,8.88,clear sky
662,Aksu,CN,41.1231,80.2644,61.27,23,11,5.3,few clouds
663,Caucaia,BR,-3.7361,-38.6531,82.35,79,75,8.05,broken clouds
664,Almaznyy,RU,48.0448,40.045,41.32,61,90,7.18,overcast clouds
665,Alenquer,BR,-1.9417,-54.7383,75.4,94,100,3.09,overcast clouds
666,Yankton,US,42.8711,-97.3973,53.11,71,20,14.97,few clouds
667,Sudak,UA,44.85,34.9667,50.41,80,4,7.34,clear sky
668,Mersing,MY,2.4312,103.8405,75.11,94,40,2.3,light rain
669,Ionia,US,42.9873,-85.0711,50.2,87,100,13.8,overcast clouds
670,Glomfjord,NO,66.8167,13.9667,35.69,98,100,11.5,light rain
671,Beyneu,KZ,45.3167,55.2,58.87,50,0,14.47,clear sky
672,Jalu,LY,29.0331,21.5482,75.76,43,100,14.81,overcast clouds
673,Nerekhta,RU,57.4588,40.5747,30.09,90,24,6.71,few clouds
674,Roald,NO,62.5833,6.1333,48.0,76,100,24.16,moderate rain
675,Rimouski,CA,48.4488,-68.524,39.38,82,100,2.37,overcast clouds
676,Waipawa,NZ,-41.4122,175.5153,63.68,65,93,12.33,moderate rain
677,Sawakin,SD,19.1059,37.3321,81.05,75,15,9.84,few clouds
678,Sundumbili,ZA,-29.1337,31.3975,59.4,83,0,5.77,clear sky
679,Half Moon Bay,US,37.4636,-122.4286,75.54,74,0,27.63,haze
680,Chumikan,RU,54.7183,135.315,32.76,89,99,7.61,overcast clouds
681,Pozoblanco,ES,38.3791,-4.8483,49.33,75,0,3.89,clear sky
682,Camacha,PT,33.0833,-16.3333,60.22,77,40,10.36,scattered clouds
683,Saint-Francois,FR,46.4154,3.9054,41.68,100,67,0.0,broken clouds
684,Ailigandi,PA,9.2333,-78.0167,79.74,85,100,4.85,overcast clouds
685,Vila,PT,42.0304,-8.1588,45.48,89,76,2.35,broken clouds
686,Gat,IL,31.61,34.7642,63.28,89,14,5.21,few clouds
687,Yanam,IN,16.7333,82.2167,81.09,90,68,1.05,broken clouds
688,Kalmunai,LK,7.4167,81.8167,79.9,82,79,3.18,broken clouds
689,Moncagua,SV,13.5333,-88.25,77.4,89,100,3.15,overcast clouds
690,Hualmay,PE,-11.0964,-77.6139,65.7,86,100,7.2,overcast clouds
691,Porterville,US,36.0652,-119.0168,78.58,27,0,5.84,clear sky
692,Windsor,CA,42.3001,-83.0165,60.69,73,100,19.57,overcast clouds
693,Sibolga,ID,1.7427,98.7792,78.71,83,100,2.51,overcast clouds
694,Severnyy,RU,50.677,36.5532,42.84,52,0,2.24,clear sky
695,Lins,BR,-21.6786,-49.7425,69.21,59,6,3.8,clear sky
696,Kyra,RU,49.5776,111.9753,59.29,40,100,3.85,overcast clouds
697,Ofunato,JP,39.0717,141.7167,53.51,49,0,8.37,clear sky
698,Leshukonskoye,RU,64.8989,45.7622,19.72,95,17,4.45,few clouds
699,Bloomingdale,US,27.8936,-82.2404,76.05,94,100,8.05,overcast clouds
700,Bira,RU,49.0,132.4667,48.99,52,100,1.07,light rain
